Donor,Recipient,Gene Family,Support
GX2013,n44,S,1000
n15,YN2018A,S,1000
Rp3,Rm1,S,1000
HKU3_7,GX2013,ORF7a,1000
LYRa11,CpY11,ORF7a,1000
Rp3,n36,ORF3a,1000
Rs4081,WIV16,ORF1ab,1000
16BO133,n43,M,1000
n44,RpS11,ORF6,980
As6526,YN2013,M,972
Rs4231,Rs4247_147,M,969
Rs4081,As6526,ORF7a,951
YN2018C,Rs7327,ORF8,903
RpS11,n44,ORF3a,900
16BO133,n43,ORF3a,900
n40,YNLF_31C,ORF3a,900
HKU3_7,GX2013,ORF3a,900
RpS11,Rp3,ORF3a,900
SC2018,n6,ORF1ab,900
CpY11,n34,ORF1ab,900
F46,Rf4092,S,894
n44,Rp3,ORF6,880
WIV1,Rf4092,N,849
Rs4081,Rs4255,ORF7a,823
n49,n50,N,813
YN2018B,n22,ORF8,800
CpY11,LYRa11,ORF6,800
Rs9401,Rs7327,S,777
Anlong-103,Rs4081,N,768
LYRa11,n19,S,729
n35,GX2013,M,718
n40,n47,N,715
n16,Rs9401,N,710
Rf4092,n10,ORF3a,700
n51,n47,ORF1ab,700
YN2018A,n26,N,700
n10,SC2018,N,700
Rs4255,F46,M,700
WIV1,YN2018B,ORF7a,679
Rs4255,As6526,N,670
n19,Rs4084,ORF3a,659
Rs4231,YN2018C,M,652
Rs7327,n14,ORF6,651
n49,n50,S,640
n23,SC2018,ORF7a,625
WIV16,Rs4231,ORF8,600
LYRa11,n28,ORF7a,600
n50,n2,ORF7a,600
F46,n19,ORF7a,600
n22,Rs672,ORF7a,600
SARS-CoV,C010,ORF7a,600
Rs7327,n14,M,600
Rs4247_147,n21,ORF1ab,583
n21,Rs4231,ORF1ab,583
n24,Rs4084,S,571
n35,n5,M,549
As6526,Rs7327,ORF1ab,545
BM48-31,n46,ORF10,539
n2,n35,ORF1ab,537
n48,n2,ORF1ab,537
Jiyuan_84,HeB2013,S,535
Jiyuan_84,HeB2013,ORF1ab,533
Rp3,RpS11,M,533
HKU3_7,Rp3,M,533
As6526,Rs4255,ORF8,521
Rm1,HuB2013,ORF1ab,520
n24,YN2018B,S,518
Rs4081,YN2018D,S,511
Rs672,Rs4255,ORF6,506
Anlong-103,YN2013,S,503
n6,n38,S,502
Rs4247_148,n27,ORF7a,500
Rs7327,YNLF_31C,ORF6,500
n38,n5,ORF3a,500
C020,C010,ORF3a,500
n41,BtKY72,ORF10,500
n47,n4,N,500
P5E,P5L,M,500
YN2013,Anlong-103,S,497
LYRa11,n44,ORF7a,494
GX2013,F46,E,491
YN2018D,Rs4081,S,489
Rs9401,YN2018B,S,482
HuB2013,Rm1,ORF1ab,480
Rs7327,n14,N,474
HeB2013,Jiyuan_84,ORF1ab,467
HKU3_7,RpS11,M,467
RpS11,Rp3,M,467
HeB2013,Jiyuan_84,S,465
YN2018A,Rs672,ORF8,463
n48,n35,ORF1ab,463
n35,n2,ORF1ab,463
YNLF_31C,n40,S,462
CpY11,YNLF_31C,S,462
n13,F46,ORF8,462
LYRa11,CpY11,ORF8,448
YNLF_31C,n40,M,446
CpY11,n40,S,438
n40,YNLF_31C,S,438
Rp3,C020,ORF1ab,438
F46,GX2013,E,437
RpS11,n44,ORF7b,424
Rs4255,YN2018C,ORF3a,424
RpS11,HuB2013,S,422
Rs672,YN2018A,ORF8,419
Rs4231,n21,ORF1ab,417
Rs4247_147,Rs4231,ORF1ab,417
CpY11,LYRa11,ORF8,415
SC2018,n2,M,415
n29,Rs4231,S,413
YN2018C,Rs4255,ORF3a,413
Rs4084,Rf4092,ORF7a,412
F46,Anlong-103,S,407
HKU3_7,n46,ORF7a,400
Rs4247_148,n16,ORF7a,400
Rs7327,n10,ORF7a,400
n39,n21,ORF3a,400
C020,Rp3,ORF1ab,400
Rs4084,n19,E,400
n30,YN2018C,E,400
n24,Rs4084,N,399
F46,YN2013,S,393
Rs4231,n29,S,387
n2,SC2018,M,385
Rs4084,Rs4231,ORF7a,384
Rs672,Rs4081,ORF6,383
YN2018B,YN2018D,ORF1ab,383
n44,RpS11,ORF7b,376
WIV1,SC2018,ORF7a,375
n18,Rs9401,ORF1ab,375
LYRa11,n46,M,373
n39,HuB2013,S,372
n14,n46,ORF8,365
n50,n49,S,360
Rs4084,Rs9401,ORF7a,354
n46,n44,ORF7a,349
WIV1,Rs4084,ORF3a,341
WIV1,WIV16,ORF3a,341
Rs4255,As6526,ORF8,335
Rs4231,Rf4092,ORF7a,332
n23,YN2018B,ORF7a,321
YN2018B,SC2018,ORF8,320
YN2018D,YN2018B,ORF1ab,317
Rs4255,Rs4084,N,301
Rp3,RpS11,ORF8,300
n36,Rp3,ORF8,300
Rs4247_148,n8,ORF7a,300
n40,n34,ORF7a,300
SARS-CoV,n32,ORF7a,300
RpS11,n28,ORF7a,300
Rs4084,YN2018C,ORF7a,300
n46,n4,ORF6,300
n5,n35,ORF6,300
Rs4084,n13,ORF6,300
Rs4084,Rs4247_148,ORF6,300
YN2018D,n38,ORF3a,300
SC2018,n19,ORF3a,300
n40,Rs4247_147,ORF3a,300
B039,C010,ORF3a,300
n36,n29,ORF10,300
Rs672,Rs4231,ORF10,300
YN2018B,Rs4084,ORF10,300
SC2018,n8,N,300
Rs4084,n22,N,300
n37,n2,N,300
Rs4084,YN2018C,N,300
Rs4084,YNLF_31C,N,300
Rm1,RpS11,N,300
n11,Rs672,N,300
SC2018,Rp3,N,300
Rs7327,Rs4084,M,300
Rs4247_148,SC2018,E,300
Rs7327,n28,N,293
n38,n6,S,292
n31,SARS-CoV,M,280
n26,n13,ORF1ab,278
GX2013,Anlong-103,ORF8,276
GX2013,n44,ORF7b,276
n21,Rs4231,N,276
n20,n29,S,274
F46,n38,S,270
Rs4231,Rs4084,ORF7a,270
CpY11,YN2018C,ORF3a,269
Rs4247_147,n29,N,269
16BO133,n41,ORF7a,268
n6,SC2018,ORF6,268
n26,n8,ORF1ab,265
n46,n40,ORF6,261
n46,BM48-31,ORF10,261
Rs4081,Rs672,S,259
WIV16,Rs4231,S,257
n5,n46,ORF7b,255
n13,n26,ORF1ab,255
LYRa11,Rp3,E,254
HeB2013,Jiyuan_84,N,253
Rs672,Rs4081,S,252
n2,n34,S,251
YN2018D,Rs672,S,251
Rs4231,n20,ORF8,249
YNLF_31C,n14,ORF6,249
n13,n10,ORF1ab,247
Jiyuan_84,HeB2013,N,247
CpY11,Rs4255,ORF3a,246
YN2018A,n40,E,245
n2,n46,E,243
YN2018A,Rs4081,ORF6,242
n6,F46,S,240
Rs9401,Rs7327,ORF1ab,240
Rs7327,As6526,ORF1ab,240
F46,n6,S,239
WIV16,n29,S,239
n34,n46,M,239
Rs672,YN2018D,S,238
GX2013,RpS11,ORF7b,236
Rf4092,Rs4084,ORF7a,235
n39,n5,N,235
n14,n35,ORF8,233
LYRa11,n35,E,233
n20,Rs4231,S,230
Rs9401,Rs4084,S,229
SC2018,YN2018A,ORF8,226
n40,YNLF_31C,M,226
n40,n46,ORF6,225
As6526,Rs9401,ORF1ab,225
B039,C020,N,225
RpS11,GX2013,ORF7b,224
Rs672,As6526,ORF6,224
Rs4247_148,Rs4231,N,224
n24,Rs7327,S,223
WIV1,WIV16,E,223
Rs7327,Rs9401,ORF3a,222
n26,YN2018A,ORF1ab,221
GX2013,n35,M,221
HuB2013,n2,N,219
n10,n24,M,217
n18,Rs7327,ORF1ab,215
n39,Rp3,ORF8,214
n2,n46,ORF7b,214
n18,n11,ORF1ab,214
n5,n40,ORF6,212
n10,As6526,ORF3a,212
Rp3,LYRa11,E,207
HuB2013,RpS11,S,206
YN2018A,As6526,ORF6,206
YN2018A,SC2018,ORF8,205
n38,Rp3,ORF8,205
n22,YN2018B,ORF8,200
Rs4231,Rs9401,ORF8,200
WIV16,Rs9401,ORF8,200
HeB2013,n7,ORF7b,200
n24,n40,ORF7b,200
n43,F46,ORF7b,200
LYRa11,CpY11,ORF7b,200
n43,Rp3,ORF7b,200
Rs7327,n8,ORF7a,200
n46,n39,ORF7a,200
n40,n19,ORF7a,200
Rs4247_148,n15,ORF7a,200
Rs4084,YN2018D,ORF7a,200
Rs4084,Rs4247_148,ORF7a,200
Rs4247_148,Rp3,ORF7a,200
B039,A022,ORF7a,200
LYRa11,CpY11,ORF6,200
F46,n38,ORF3a,200
Rf4092,C007,ORF1ab,200
HeB2013,YNLF_31C,ORF10,200
n41,A022,ORF10,200
n2,n3,N,200
n40,n2,N,200
n29,n19,N,200
As6526,n8,M,200
F46,n7,M,200
Rs4231,n24,M,200
F46,n12,M,200
Rs7327,n38,E,200
Anlong-103,YN2018C,E,200
n37,LYRa11,E,200
n37,Rp3,E,200
Rs672,SC2018,ORF8,199
n14,YN2013,ORF8,199
SC2018,Rs672,ORF8,199
n17,Rs9401,ORF7a,195
As6526,YN2018A,ORF6,194
F46,n35,E,194
F46,n12,E,194
F46,CpY11,E,194
F46,Rs672,E,194
n28,YN2018C,N,193
n11,n26,M,192
n15,Rs9401,N,190
n14,GX2013,ORF8,188
n40,n5,ORF6,188
Rs672,YN2018A,ORF6,187
n15,n35,ORF8,186
n46,n2,ORF7b,186
n5,BM48-31,ORF10,183
GX2013,CpY11,E,183
RpS11,Rp3,ORF8,181
n26,Rs9401,ORF3a,181
n2,HuB2013,N,181
Rs4255,Rf4092,M,180
n21,YNLF_31C,M,179
n24,As6526,N,178
n21,Rs4255,ORF7a,177
n18,SC2018,M,176
n24,Rs7327,ORF3a,175
C020,B039,N,175
Rs4084,Rs7327,N,174
n23,Rs672,S,173
n34,n19,S,171
Rs9401,n20,ORF8,168
Rs4084,Anlong-103,N,168
LYRa11,Anlong-103,ORF8,166
Rs9401,Rs7327,ORF3a,166
Rs4081,As6526,ORF8,165
LYRa11,GX2013,ORF8,165
n46,n5,M,165
n9,Anlong-103,ORF8,164
n44,GX2013,ORF7b,164
n28,n40,M,163
n24,Rs672,S,162
Rs4081,n38,E,162
n14,LYRa11,ORF8,161
n5,n46,ORF10,161
SARS-CoV,SC2018,M,161
YN2018C,Rs9401,ORF7a,160
Rs9401,As6526,ORF1ab,160
n14,Anlong-103,ORF8,159
n39,n44,N,158
A022,C007,N,158
n18,n35,M,158
n46,n2,E,157
n27,Rs9401,ORF3a,156
n11,Rf4092,ORF3a,156
Rs4255,Rs672,S,155
n40,YN2018A,E,155
n9,n13,ORF1ab,153
n10,n13,ORF1ab,153
n26,n10,ORF1ab,153
n22,YN2018C,N,152
As6526,Rs4255,N,152
Rs4084,As6526,N,152
n46,n2,ORF7a,151
HeB2013,16BO133,ORF7a,151
n23,Rf4092,N,151
Rs4084,n26,M,151
LYRa11,Rf4092,ORF8,150
SARS-CoV,n33,N,150
Rs4247_147,SARS-CoV,N,150
n2,n46,ORF7a,149
16BO133,HeB2013,ORF7a,149
YN2018B,YN2018A,ORF8,148
Rs4084,Rs4255,N,148
As6526,n35,M,148
n14,CpY11,ORF8,147
n43,n12,ORF8,145
Anlong-103,GX2013,ORF8,145
Rf4092,YN2018C,ORF6,145
YNLF_31C,n21,M,145
n18,Rs4255,ORF8,144
YN2013,Rf4092,ORF3a,144
n40,n44,N,142
n18,SARS-CoV,M,142
n21,n40,M,141
As6526,n24,M,141
SC2018,n18,M,141
n21,Rf4092,M,141
n18,Rs9401,ORF7a,140
n36,n6,S,138
YNLF_31C,n34,ORF8,138
P4L,n47,ORF1ab,138
n28,n21,M,138
n46,n4,ORF8,137
n39,n34,ORF7a,137
Rs4081,Rs4255,ORF8,135
YN2018B,Rs672,ORF8,132
Rs4231,Rs9401,ORF7a,132
Rs4081,Anlong-103,N,132
Rs4084,Rs4081,N,132
Rm1,HuB2013,N,132
HeB2013,n12,ORF8,131
Rs7327,WIV1,M,130
GX2013,n35,E,130
SARS-CoV,n38,M,129
n22,YNLF_31C,N,128
C007,B039,N,128
SARS-CoV,n18,M,127
Rs4084,n14,N,126
n14,Rs7327,N,126
n31,n18,M,124
n46,n35,ORF8,123
n38,n34,ORF7a,122
Rf4092,Rs4231,ORF7a,122
n46,n35,E,122
n12,HeB2013,ORF8,121
n15,n46,ORF8,120
SARS-CoV,n2,M,120
n46,n6,ORF8,118
LYRa11,n46,ORF8,118
LYRa11,YN2013,ORF8,118
Rs4084,n12,M,118
n14,Rs7327,ORF6,116
SARS-CoV,B039,M,115
n8,CpY11,E,115
n39,n15,M,114
n35,n46,E,114
YNLF_31C,n41,ORF8,113
Rf4092,Rs9401,ORF6,113
YNLF_31C,Rf4092,E,113
Rf4092,YN2013,ORF8,112
YN2018D,n22,ORF3a,112
Rs4247_147,YN2018C,ORF3a,112
n23,YN2018D,S,110
YN2013,n34,E,110
n46,n2,M,109
n2,n18,M,109
n29,YN2018C,N,108
F46,n2,E,108
Rs4255,As6526,ORF6,107
YN2018C,n28,N,107
Rm1,n2,N,107
Rs7327,YN2018C,N,107
16BO133,Rf4092,S,106
Rf4092,F46,S,106
Rs4231,Rs4247_148,ORF6,106
GX2013,n12,E,106
GX2013,Rs672,E,106
Rs4231,n20,N,104
n43,HeB2013,ORF8,102
n44,n46,ORF7a,102
F46,n40,S,100
WIV1,Rs4084,S,100
n41,n5,ORF8,100
n8,n46,ORF8,100
n12,n41,ORF8,100
YN2018D,n24,ORF8,100
Rs4081,n24,ORF8,100
n35,n14,ORF8,100
Rf1,n12,ORF8,100
P5L,P4L,ORF8,100
n21,Rs4231,ORF8,100
n34,YNLF_31C,ORF8,100
n25,GX2013,ORF8,100
n18,n8,ORF7b,100
HeB2013,n5,ORF7b,100
n41,n5,ORF7b,100
Rm1,n5,ORF7b,100
LYRa11,n46,ORF7b,100
n12,n40,ORF7b,100
n16,n40,ORF7b,100
BtKY72,n4,ORF7b,100
n5,n36,ORF7b,100
GX2013,n28,ORF7b,100
n22,n27,ORF7b,100
n24,n26,ORF7b,100
Rs672,n22,ORF7b,100
n18,n21,ORF7b,100
SC2018,n2,ORF7b,100
Rs4084,n12,ORF7b,100
n41,n12,ORF7b,100
n37,n11,ORF7b,100
n37,n10,ORF7b,100
n36,n10,ORF7b,100
P5E,P4L,ORF7b,100
n42,YN2018C,ORF7b,100
WIV1,YN2018B,ORF7b,100
Rs672,YN2018A,ORF7b,100
n16,Rs7327,ORF7b,100
n13,Rs7327,ORF7b,100
As6526,Rs7327,ORF7b,100
n24,F46,ORF7b,100
n26,F46,ORF7b,100
YN2018B,F46,ORF7b,100
n43,WIV16,ORF7b,100
n42,WIV16,ORF7b,100
n5,RpS11,ORF7b,100
HKU3_12,HKU3_7,ORF7b,100
n40,n5,ORF7a,100
YN2018A,n27,ORF7a,100
Rs4247_148,n26,ORF7a,100
n20,n26,ORF7a,100
P2V,n2,ORF7a,100
n27,n19,ORF7a,100
Anlong-103,n16,ORF7a,100
Rs4247_148,n11,ORF7a,100
Rs4247_148,YN2018D,ORF7a,100
Rs4247_148,Anlong-103,ORF7a,100
Rm1,HuB2013,ORF7a,100
n27,Rp3,ORF7a,100
Anlong-103,Rp3,ORF7a,100
n35,n46,ORF6,100
n46,n38,ORF6,100
As6526,n26,ORF6,100
YN2018A,n26,ORF6,100
Rs672,n22,ORF6,100
n13,n11,ORF6,100
n26,YN2018A,ORF6,100
As6526,SC2018,ORF6,100
Rs7327,SC2018,ORF6,100
n11,SC2018,ORF6,100
LYRa11,SC2018,ORF6,100
Anlong-103,SC2018,ORF6,100
n27,Rs4255,ORF6,100
Rs4084,Rs4247_147,ORF6,100
Rs4084,Rs4231,ORF6,100
n13,Rs4084,ORF6,100
Rs4247_147,Rs4084,ORF6,100
n27,Rs4081,ORF6,100
n26,As6526,ORF6,100
Rs4247_147,As6526,ORF6,100
n35,Rp3,ORF6,100
SARS-CoV,C010,ORF6,100
CpY11,n7,ORF3a,100
F46,n6,ORF3a,100
n39,n5,ORF3a,100
GX2013,n44,ORF3a,100
Rs4247_147,n38,ORF3a,100
BM48-31,n3,ORF3a,100
BtKY72,n3,ORF3a,100
n46,n2,ORF3a,100
n39,n19,ORF3a,100
F46,n14,ORF3a,100
n43,16BO133,ORF3a,100
n15,Rs9401,ORF3a,100
n38,F46,ORF3a,100
n9,F46,ORF3a,100
Rp3,RpS11,ORF3a,100
SC2018,n7,ORF1ab,100
Rp3,n34,ORF1ab,100
Rp3,CpY11,ORF1ab,100
n26,C007,ORF1ab,100
HKU3_7,n7,ORF10,100
Rs4084,n36,ORF10,100
B039,n35,ORF10,100
Rf4092,n2,ORF10,100
HKU3_7,n14,ORF10,100
Rs4231,YN2018A,ORF10,100
Rs4084,SC2018,ORF10,100
n19,SC2018,ORF10,100
Rs4247_148,SC2018,ORF10,100
HKU3_1,Rs7327,ORF10,100
YN2018B,Rs4247_147,ORF10,100
SC2018,Rs4231,ORF10,100
Rs4255,Rs4084,ORF10,100
C010,CpY11,ORF10,100
WIV1,Rp3,ORF10,100
SARS-CoV,C010,ORF10,100
n49,n51,N,100
n23,n28,N,100
n29,n22,N,100
Rs9401,n16,N,100
n20,n15,N,100
n29,n14,N,100
n27,n14,N,100
P5L,P2V,N,100
P5L,P5E,N,100
P5E,P5L,N,100
P5E,P4L,N,100
Rs4247_147,YN2018C,N,100
B039,C010,N,100
n14,n35,M,100
n15,n35,M,100
Rs7327,n16,M,100
Rs4255,n10,M,100
P1E,P2V,M,100
P5E,P4L,M,100
P5L,P4L,M,100
n12,F46,M,100
Rs7327,WIV16,M,100
Rs672,n38,E,100
YNLF_31C,n38,E,100
BM48-31,n3,E,100
YN2018A,n22,E,100
SARS-CoV,n19,E,100
YN2013,n14,E,100
n38,n14,E,100
n2,n11,E,100
WIV1,n11,E,100
n26,YN2018C,E,100
A022,YN2018C,E,100
n15,SC2018,E,100
Rs7327,Rs9401,E,100
Rf4092,Rs4255,E,100
YN2018C,Rs4081,E,100
n44,RpS11,E,100
n15,Rs672,E,100
Rs4084,Rp3,E,100
C010,C020,E,100
C007,C020,N,99
n14,n8,ORF8,98
Rs9401,Rs4231,ORF7a,98
n22,SC2018,ORF8,97
n17,Rs7327,ORF8,97
n44,n2,ORF7a,97
n38,HuB2013,ORF7a,97
B039,C007,N,97
YN2018A,n24,M,97
n46,LYRa11,M,97
n18,n20,N,96
16BO133,Jiyuan_84,ORF7a,95
n39,HuB2013,ORF7a,95
C020,SARS-CoV,M,95
CpY11,n8,E,95
16BO133,F46,S,94
n35,n46,ORF8,94
n18,Rs4247_148,ORF6,94
HuB2013,n39,ORF7a,93
As6526,Rs4255,ORF6,93
n35,n18,M,93
SC2018,n14,M,93
Anlong-103,Rs672,E,93
n24,Rs4081,S,92
n2,n46,M,91
Rs4255,Rs4081,S,89
n18,n2,M,89
Rs4084,n2,E,89
YN2013,Rf4092,ORF8,88
YNLF_31C,F46,ORF8,88
YN2018C,n19,ORF3a,88
n8,As6526,ORF3a,88
n50,n49,N,87
Rf4092,n21,M,87
As6526,n11,ORF1ab,86
F46,n46,E,86
F46,n7,ORF8,85
n7,SC2018,ORF8,85
n39,n47,N,85
n34,CpY11,E,85
n2,SARS-CoV,M,84
YN2013,n40,E,84
n2,n5,ORF7b,83
HeB2013,Jiyuan_84,ORF7a,83
n50,n5,ORF6,83
CpY11,n35,E,83
n13,n28,E,83
n11,n12,M,82
n2,n27,E,82
n35,n15,ORF8,81
n23,n29,ORF3a,81
n43,YNLF_31C,ORF8,80
A022,B039,N,80
YN2018C,Rs4084,ORF7a,79
YN2018A,n26,ORF1ab,79
n13,YN2018A,ORF1ab,79
n39,n2,N,79
WIV16,Rs7327,M,79
LYRa11,CpY11,M,79
n23,Rs4081,S,78
Rs4255,n21,M,78
n39,n24,M,77
Rs4084,n21,E,77
n23,Rs4084,E,77
n42,YNLF_31C,ORF8,76
n34,n14,ORF3a,76
C020,C007,N,76
n50,n2,E,76
n10,n2,E,76
Anlong-103,YN2013,ORF8,75
Rs4084,n13,ORF7a,75
n50,n40,ORF6,75
n20,n10,M,75
n24,n11,E,75
CpY11,n38,ORF3a,74
n34,YN2018A,E,74
Rs4255,YN2018D,S,73
YN2018C,Rs4231,ORF7a,73
n5,n44,ORF10,73
Rs4247_147,n33,N,73
n33,SARS-CoV,N,73
SC2018,SARS-CoV,M,73
WIV1,Rs7327,M,73
GX2013,n46,E,73
n15,n25,E,73
n36,n2,ORF7b,72
LYRa11,n46,ORF7a,72
YN2018C,Rf4092,ORF7a,72
HuB2013,n44,ORF10,72
Rs4247_147,n29,E,72
n29,n21,E,72
n9,F46,E,72
n44,n5,ORF10,71
WIV16,n26,M,71
WIV16,n16,M,71
n20,YN2018A,M,71
WIV16,Rs4084,M,71
YN2013,n9,E,71
GX2013,n2,E,71
BtKY72,n3,S,70
YN2013,Anlong-103,ORF8,70
n8,n25,ORF10,70
C020,B039,M,70
n15,Rf4092,E,70
n35,YN2013,S,69
YN2018D,n20,ORF8,69
n20,Rs9401,ORF8,69
n6,16BO133,ORF10,69
C007,A022,N,69
n40,n21,M,69
n24,YN2018D,S,68
YN2018D,Rs9401,ORF8,68
n2,n36,ORF7b,68
Jiyuan_84,HeB2013,ORF7a,68
n5,n46,ORF6,68
Rs4231,Rs9401,ORF6,68
C007,C020,M,68
n39,n28,ORF7a,67
Rs9401,YN2018C,ORF6,67
Rp3,n31,ORF1ab,67
BM48-31,n35,ORF10,66
n35,BM48-31,ORF10,66
n46,n35,M,66
B039,SARS-CoV,M,66
YN2018C,n21,E,66
SARS-CoV,YN2018C,E,66
n39,Rs9401,E,66
n22,n29,ORF3a,65
n34,n36,ORF10,65
Jiyuan_84,HeB2013,ORF10,65
n40,n5,N,65
n25,n40,M,65
n16,n35,ORF8,64
n45,RpS11,ORF7b,64
C007,A022,ORF3a,64
n37,n44,ORF10,64
n44,n15,ORF10,64
n40,n7,M,64
WIV16,n27,E,64
YN2018D,n19,ORF8,63
n42,n12,ORF8,63
GX2013,SC2018,ORF6,63
Rs4084,Rs9401,ORF6,63
Rs4247_148,Rf4092,E,63
n35,n6,S,62
n35,Anlong-103,S,62
n26,n34,ORF7a,62
n53,n47,ORF1ab,62
n47,P4L,ORF1ab,62
n9,C020,ORF1ab,62
YN2018A,n26,M,62
Rf4092,YNLF_31C,M,62
CpY11,n34,E,62
n38,n15,E,62
n30,YNLF_31C,E,62
n42,n34,ORF8,61
n28,F46,ORF8,61
n14,Rp3,ORF7b,61
YN2018C,YN2018D,ORF3a,61
n44,n8,N,61
n2,n39,N,61
n9,n35,M,61
LYRa11,n2,M,61
n24,YN2018A,M,61
n26,Rf4092,ORF10,60
n9,CpY11,M,60
F46,YN2018A,E,60
LYRa11,CpY11,E,60
n41,YNLF_31C,S,59
GX2013,YN2013,ORF8,59
YN2013,GX2013,ORF8,59
n20,n38,ORF3a,59
n19,Rs7327,ORF3a,59
n16,n11,ORF1ab,59
As6526,YN2018A,M,59
n22,Rs7327,M,59
n13,n8,E,59
LYRa11,n46,E,59
LYRa11,YN2013,E,59
n38,WIV1,E,59
n12,n34,ORF7b,58
F46,n44,ORF7a,58
YN2013,Rs7327,ORF7a,58
YN2018C,Rs4247_148,ORF7a,58
n48,n50,ORF6,58
n2,n47,E,58
n9,n2,ORF10,57
Rs9401,n26,M,57
n26,Rs4084,M,57
Rf4092,F46,M,57
n35,LYRa11,E,57
n19,Rf4092,ORF7b,56
HeB2013,n46,ORF6,56
n46,16BO133,ORF6,56
n20,Rs7327,ORF6,56
Rs4255,Rs4081,ORF6,56
n38,Rs4255,ORF3a,56
RpS11,Rs4084,ORF10,56
n41,RpS11,ORF10,56
LYRa11,n35,ORF8,55
Rs4084,YN2018A,ORF7b,55
n18,Rf4092,ORF7a,55
YN2018C,Rf4092,ORF6,55
n26,n34,ORF10,55
n51,n47,ORF8,54
n47,n4,ORF8,54
n50,n4,ORF7b,54
n4,n2,ORF7b,54
Jiyuan_84,16BO133,ORF7a,54
n19,n29,ORF3a,54
F46,n12,ORF3a,54
n35,n34,ORF10,54
n47,n23,ORF10,54
n34,CpY11,ORF10,54
n20,F46,M,54
Rp3,n35,E,54
YNLF_31C,n41,ORF3a,53
n19,SC2018,ORF3a,53
n2,n4,M,53
n14,SC2018,M,53
n33,C020,M,53
n2,n23,E,53
n35,CpY11,E,53
n41,YNLF_31C,ORF8,52
n22,Rs672,ORF8,52
n11,n9,ORF7b,52
n2,n44,ORF7a,52
n28,GX2013,ORF6,52
n29,n34,ORF10,52
n39,HuB2013,N,52
n40,n24,M,52
F46,n47,S,51
n52,P5L,S,51
HuB2013,n44,ORF8,51
n22,YN2018A,ORF8,51
Rs9401,Rs4084,ORF7a,51
YNLF_31C,Rs7327,ORF6,51
n16,Rs7327,ORF6,51
n8,Rf4092,ORF10,51
n18,n46,M,51
n20,Rs7327,M,51
Rp3,CpY11,E,51
YN2018C,n38,ORF3a,50
YN2018D,Rs4255,ORF3a,50
CpY11,n34,ORF10,50
n18,n2,ORF10,50
n19,n2,ORF10,50
n18,n19,ORF10,50
n2,n19,ORF10,50
n35,n46,M,50
P5L,n52,S,49
n44,HuB2013,ORF8,49
n37,n5,ORF7b,49
n21,As6526,ORF7a,49
YN2018C,Rs9401,ORF6,49
n15,Rs7327,ORF6,49
SARS-CoV,n14,M,49
n46,CpY11,M,49
n40,n34,E,49
n17,Rs4231,ORF7a,48
n17,Rf4092,ORF7a,48
n29,GX2013,ORF6,48
YN2018C,CpY11,ORF3a,48
n28,n34,ORF10,48
n40,SC2018,ORF10,48
CpY11,n46,M,48
n31,n2,M,48
Anlong-103,n28,E,48
n15,n20,E,48
Rs4247_147,n15,E,48
n28,Rs672,E,48
n2,n47,S,47
n13,Anlong-103,ORF8,47
n28,n41,ORF3a,47
YN2018D,YN2018C,ORF3a,47
Rp3,n13,ORF1ab,47
Rf4092,n25,E,47
Rs672,n13,E,47
n4,n47,ORF8,46
n51,n4,ORF8,46
n2,n4,ORF7b,46
n50,n2,ORF7b,46
n38,n12,ORF3a,46
n23,n47,ORF10,46
n21,F46,M,46
n9,LYRa11,M,46
n18,n20,ORF8,45
n2,n35,M,45
GX2013,CpY11,M,45
n44,n2,ORF7b,44
16BO133,n46,ORF6,44
HeB2013,16BO133,ORF6,44
WIV16,Rs7327,ORF6,44
n9,Rs4255,ORF6,44
Rs4081,Rs4255,ORF6,44
n41,Rs4084,ORF10,44
Rs4084,RpS11,ORF10,44
n27,YNLF_31C,N,44
As6526,n46,M,44
CpY11,LYRa11,M,44
n15,Rs4247_148,E,44
CpY11,n2,ORF7b,43
YN2018A,n14,ORF7b,43
n17,Rs9401,ORF6,43
n11,GX2013,ORF6,43
n5,n2,ORF3a,43
n35,n6,ORF10,43
P4L,n47,ORF10,43
Rp3,n2,ORF10,43
F46,Rf4092,M,43
Rs9401,Rs4084,M,43
WIV16,F46,M,43
n8,n25,E,43
n16,n46,ORF8,42
LYRa11,n16,ORF8,42
n34,n12,ORF7b,42
n11,Rs7327,ORF7a,42
n17,Rs4247_148,ORF7a,42
HuB2013,n5,ORF10,42
n42,YNLF_31C,S,41
n35,n46,ORF7b,41
n52,n47,ORF6,41
n47,P4L,ORF6,41
n21,n38,ORF3a,41
CpY11,F46,ORF3a,41
n17,n11,ORF1ab,41
P2V,n53,ORF10,41
C020,A022,N,41
GX2013,n46,M,41
WIV16,WIV1,M,41
n8,n35,E,41
n8,n13,E,41
Rm1,HuB2013,ORF8,40
GX2013,n45,ORF7b,40
n9,n12,ORF7b,40
n18,Rs4084,ORF7a,40
YN2018C,n22,N,40
n35,n2,M,40
GX2013,YN2018A,E,40
n37,n2,ORF7b,39
n35,n46,ORF10,39
n35,n8,N,39
B039,C020,M,39
YN2013,n25,E,39
n35,n2,E,39
YN2013,CpY11,E,39
Rp3,n14,ORF7b,38
n34,n26,ORF7a,38
n24,YN2018C,ORF6,38
n53,P4L,ORF1ab,38
n6,BtKY72,ORF10,38
n38,HuB2013,N,38
n23,Rs7327,M,38
Rf4092,n9,E,38
n15,n38,E,38
Rs4081,n15,E,38
n44,n5,ORF7b,37
n52,n5,ORF6,37
n5,n47,ORF6,37
n5,P4L,ORF6,37
n9,SC2018,ORF6,37
Rs4231,n34,ORF10,37
n26,Rs4231,ORF10,37
n20,Rf4092,M,37
n34,n8,E,37
YNLF_31C,n26,E,37
Rf4092,Rs4247_148,E,37
n26,Rf4092,E,37
n35,n16,ORF8,36
n12,SC2018,ORF8,36
n43,F46,ORF8,36
F46,YNLF_31C,ORF8,36
n15,LYRa11,ORF8,36
n36,n46,ORF7b,36
RpS11,n45,ORF7b,36
n35,GX2013,ORF7b,36
A022,C007,ORF3a,36
n15,n44,ORF10,36
CpY11,n35,ORF10,36
n37,n15,ORF10,36
HuB2013,n39,N,36
n39,n7,M,36
n31,SC2018,M,36
n34,n40,E,36
Rf4092,n34,E,36
WIV1,n27,E,36
Anlong-103,n13,E,36
n9,YN2018A,E,36
n34,Rf4092,E,36
n27,WIV16,E,36
n13,CpY11,E,36
n13,Rs672,E,36
n36,YN2013,S,35
n28,n41,ORF8,35
n44,n34,ORF7a,35
n47,n40,ORF6,35
n13,n8,ORF1ab,35
n8,n26,ORF1ab,35
n36,n34,ORF10,35
A022,C020,N,35
n5,n46,M,35
n25,n9,E,35
n40,n9,E,35
n28,n8,E,35
P4L,n52,E,35
n9,n40,E,35
YN2018A,n34,E,35
P4L,n2,E,35
P5L,P4L,E,35
YN2013,YN2018A,E,35
n36,Anlong-103,S,34
Rm1,n44,ORF8,34
n46,n15,ORF8,34
LYRa11,n2,ORF7a,34
n23,YN2018C,ORF3a,34
BM48-31,n6,ORF10,34
n23,P4L,ORF10,34
n38,n2,N,34
Rs672,n28,E,34
SARS-CoV,n21,E,34
n21,YN2018C,E,34
n40,Rs9401,E,34
n8,n23,S,33
273_2005,Jiyuan_84,ORF8,33
n13,Rs7327,ORF6,33
n9,n31,ORF1ab,33
n24,n20,ORF10,33
n20,Rs4247_147,ORF10,33
GX2013,LYRa11,M,33
n34,n2,S,32
HeB2013,Jiyuan_84,ORF8,32
273_2005,HeB2013,ORF8,32
SC2018,n6,ORF6,32
n44,n38,ORF6,32
n16,Rs9401,ORF6,32
n18,Rs9401,ORF6,32
Rs9401,Rf4092,ORF6,32
SC2018,F46,ORF6,32
n46,n5,ORF10,32
SARS-CoV,n35,M,32
n9,n46,ORF8,31
n46,n5,ORF7b,31
n5,n2,ORF7b,31
BtKY72,n6,ORF10,31
16BO133,n6,ORF10,31
Rs4247_147,n20,ORF10,31
n24,Rs4247_147,ORF10,31
n5,HuB2013,ORF10,31
Rf4092,n40,M,31
LYRa11,n8,ORF8,30
n35,n6,ORF8,30
n34,n9,ORF7b,30
CpY11,n36,ORF7b,30
n11,n34,ORF7b,30
n12,n38,ORF3a,30
YN2018D,CpY11,ORF3a,30
n25,n8,ORF10,30
Rf4092,n34,ORF10,30
n53,P4L,ORF10,30
Rf4092,CpY11,ORF10,30
GX2013,YN2013,E,30
n39,n44,ORF7a,29
n46,n34,ORF7a,29
n13,SC2018,ORF3a,29
n46,n35,ORF10,29
n14,n26,M,29
n14,Rs4084,M,29
n46,GX2013,M,29
n46,n2,S,28
GX2013,n25,ORF7b,28
n7,F46,ORF3a,28
n23,n53,ORF10,28
P2V,n23,ORF10,28
n8,n15,ORF10,28
n27,n22,N,28
n9,n46,M,28
WIV16,Rf4092,M,28
YN2013,As6526,M,28
n2,YN2013,M,28
n21,n29,E,28
Rs4247_147,n21,E,28
n34,n47,S,27
n6,n47,S,27
HeB2013,BtKY72,ORF10,27
n33,B039,M,27
Rs4247_147,n20,E,27
YN2013,n15,E,27
CpY11,n13,E,27
Rs4084,n23,S,26
Rp3,YN2018A,ORF7b,26
Rs4084,Rp3,ORF7b,26
n23,YN2018C,ORF6,26
n34,n35,ORF10,26
n34,BM48-31,ORF10,26
HuB2013,Rm1,ORF10,26
n11,n23,S,25
n47,n2,S,25
n28,n39,ORF7a,25
n38,n26,ORF7a,25
n17,Rs4084,ORF7a,25
n44,n5,ORF6,25
P4L,n53,ORF10,25
Rs4231,n35,ORF10,25
Rf4092,n15,ORF10,25
P2V,P4L,ORF10,25
Rm1,SC2018,ORF10,25
16BO133,BtKY72,ORF10,25
n44,HuB2013,ORF10,25
n40,Rm1,ORF10,25
n2,n36,N,25
SARS-CoV,n8,M,25
n21,n10,M,25
n26,YN2018A,M,25
C020,SC2018,M,25
n2,As6526,M,25
n2,B039,M,25
SC2018,B039,M,25
n25,n8,E,25
n2,n35,E,25
Rf4092,n26,E,25
Rp3,n2,E,25
n34,n13,E,25
Rs4255,n11,E,25
n25,Rf4092,E,25
GX2013,n46,ORF8,24
Rf4092,n25,ORF7b,24
n45,GX2013,ORF7b,24
n25,GX2013,ORF7b,24
n34,n46,ORF7a,24
F46,n46,ORF7a,24
Rs4084,YN2018C,ORF6,24
n9,As6526,ORF6,24
n9,YN2013,ORF6,24
n7,n38,ORF3a,24
LYRa11,n14,ORF3a,24
BM48-31,n5,ORF10,24
n20,n15,ORF10,24
n34,Rf4092,ORF10,24
SC2018,Rm1,ORF10,24
YNLF_31C,n22,N,24
Rs4231,n2,M,24
Rs4247_148,n8,E,24
P5L,n52,E,24
P4L,n47,E,24
Rp3,n34,E,24
n34,n28,E,24
n34,n26,E,24
n50,n23,E,24
YN2013,n20,E,24
n47,n2,E,24
n23,n2,E,24
n28,n13,E,24
n2,n10,E,24
n52,P4L,E,24
n46,F46,E,24
n25,YN2013,E,24
n46,YN2013,E,24
Rs4247_147,YN2013,E,24
n35,GX2013,E,24
n25,CpY11,E,24
n47,n6,S,23
n9,n37,ORF8,23
LYRa11,n15,ORF8,23
n46,n36,ORF7b,23
n5,n50,ORF6,23
n48,n5,ORF6,23
n44,n40,ORF6,23
F46,Rs4255,ORF3a,23
n15,n8,ORF10,23
n46,n6,ORF10,23
Rs4231,SC2018,M,23
Rs4247_147,Rs4231,M,23
n2,n52,E,23
Rp3,n25,E,23
Rs4084,n23,E,23
n11,n21,E,23
P5L,n2,E,23
n2,P4L,E,23
n2,Rs4084,E,23
n38,WIV16,E,23
WIV16,WIV1,E,23
n38,n47,S,22
n47,n38,S,22
Rp3,n37,ORF8,22
n43,n34,ORF8,22
n46,n16,ORF8,22
n52,P4L,ORF6,22
Rs4255,n38,ORF3a,22
Rs4255,CpY11,ORF3a,22
n28,CpY11,E,22
GX2013,n35,ORF8,21
n10,SC2018,ORF8,21
n20,n8,ORF10,21
BM48-31,n34,ORF10,21
Rs4255,n40,M,21
n40,Rf4092,M,21
YNLF_31C,Rf4092,M,21
Rs4255,YNLF_31C,M,21
Rs672,n15,ORF8,20
YNLF_31C,HeB2013,ORF8,20
n6,n36,ORF7b,20
RpS11,n44,ORF6,20
Rs4081,As6526,ORF6,20
YN2013,GX2013,ORF6,20
Rm1,HuB2013,ORF6,20
RpS11,Rp3,ORF6,20
n44,n46,ORF10,20
n27,YN2018C,N,20
YNLF_31C,YN2018C,N,20
YN2018C,YNLF_31C,N,20
SARS-CoV,C020,M,20
CpY11,n25,E,20
n9,Rf4092,E,20
n44,n46,ORF7b,19
n37,n25,ORF7a,19
Rf4092,Rs9401,ORF7a,19
n40,n50,ORF6,19
n48,n40,ORF6,19
Rs4081,YN2018A,ORF6,19
As6526,Rs4081,ORF6,19
GX2013,As6526,ORF6,19
Rf4092,n8,ORF10,19
HeB2013,n6,ORF10,19
Jiyuan_84,n6,ORF10,19
Rm1,n44,ORF10,19
CpY11,n36,ORF10,19
CpY11,BM48-31,ORF10,19
Rs4231,BM48-31,ORF10,19
HeB2013,16BO133,ORF10,19
n6,HeB2013,ORF10,19
n5,Rm1,ORF10,19
Rs4247_147,YN2018C,M,19
n2,Rs4247_147,M,19
n15,n8,E,19
n8,Rs4247_148,E,19
BtKY72,n34,S,18
n8,n37,ORF8,18
n10,n15,ORF8,18
n15,CpY11,ORF8,18
n12,n9,ORF7b,18
n19,n25,ORF7b,18
n45,n25,ORF7b,18
n35,n2,ORF7b,18
Rs4084,n14,ORF7b,18
n11,n12,ORF7b,18
n14,YN2018A,ORF7b,18
n25,Rf4092,ORF7b,18
n39,n46,ORF7a,18
F46,n2,ORF7a,18
n4,n2,ORF3a,18
F46,YN2018C,ORF3a,18
n38,YN2018C,ORF3a,18
n14,SC2018,ORF3a,18
n12,F46,ORF3a,18
BM48-31,n44,ORF10,18
n26,n35,ORF10,18
n46,n34,ORF10,18
Rf4092,n25,ORF10,18
HuB2013,BM48-31,ORF10,18
n46,Rs4231,ORF10,18
n35,Rs4231,ORF10,18
Rm1,HuB2013,ORF10,18
YN2013,n35,E,18
n9,n25,E,18
n27,n2,E,18
n38,n19,E,18
YN2018A,n15,ORF8,17
273_2005,n12,ORF8,17
n12,Jiyuan_84,ORF8,17
LYRa11,n12,ORF3a,17
n24,YN2018C,ORF3a,17
n2,LYRa11,ORF3a,17
n15,n20,ORF10,17
n24,n15,ORF10,17
n15,Rs4247_147,ORF10,17
B039,A022,N,17
n24,n26,M,17
C020,n2,M,17
n34,n2,M,17
n9,n18,M,17
n2,n14,M,17
n40,n13,M,17
n47,n34,S,16
n10,n23,S,16
n40,n47,ORF6,16
P4L,n40,ORF6,16
n2,n12,ORF3a,16
n12,LYRa11,ORF3a,16
n26,n36,ORF10,16
n36,Rf4092,ORF10,16
n36,CpY11,ORF10,16
n36,n2,N,16
GX2013,n18,M,16
n2,n15,M,16
C007,SARS-CoV,M,16
n39,YN2018A,M,16
n43,n25,ORF8,15
n26,YN2018A,ORF8,15
n26,Rf4092,ORF8,15
n26,F46,ORF8,15
n26,YN2013,ORF8,15
Rs672,GX2013,ORF8,15
n44,RpS11,ORF8,15
n44,Rm1,ORF8,15
n44,Rp3,ORF8,15
n34,n39,ORF7a,15
HuB2013,n34,ORF7a,15
BM48-31,Rs4231,ORF10,15
n40,n15,M,15
CpY11,GX2013,E,15
Jiyuan_84,HeB2013,ORF8,14
GX2013,Rf4092,ORF7b,14
Rf4092,GX2013,ORF7b,14
n39,n46,ORF6,14
HuB2013,SC2018,ORF10,14
n40,HuB2013,ORF10,14
n18,B039,M,14
n26,n9,E,14
n30,n26,E,14
n26,YNLF_31C,E,14
Rs672,LYRa11,ORF8,13
n19,GX2013,ORF7b,13
GX2013,Rs4255,ORF6,13
Rs4084,Rf4092,ORF6,13
GX2013,YN2013,ORF6,13
YN2018C,F46,ORF3a,13
n20,Rf4092,ORF10,13
n10,n26,M,13
n2,n24,M,13
CpY11,n2,M,13
n2,YN2018C,M,13
n40,YN2018A,M,13
n2,LYRa11,M,13
n25,n46,E,13
n25,n15,E,13
n46,CpY11,E,13
BtKY72,n47,S,12
SC2018,n15,ORF8,12
n15,YN2018A,ORF8,12
n25,YN2018A,ORF8,12
n15,Rs672,ORF8,12
n37,n46,ORF7b,12
Rf4092,n45,ORF7b,12
n9,n34,ORF7b,12
RpS11,n25,ORF7b,12
n25,RpS11,ORF7b,12
YN2018A,Rp3,ORF7b,12
n34,n44,ORF7a,12
n39,n26,ORF7a,12
n47,n5,ORF6,12
Rs4247_147,n21,ORF3a,12
Rm1,n5,ORF10,12
SC2018,n5,ORF10,12
n26,n46,ORF10,12
HuB2013,n46,ORF10,12
n46,n44,ORF10,12
P4L,n23,ORF10,12
Rf4092,n20,ORF10,12
Rf4092,Rs4247_147,ORF10,12
n34,Rs4231,ORF10,12
n15,Rf4092,ORF10,12
n24,Rf4092,ORF10,12
n25,Rf4092,ORF10,12
SC2018,HuB2013,ORF10,12
n31,n35,M,12
SARS-CoV,n24,M,12
n39,n21,M,12
n24,n2,M,12
n33,n18,M,12
n39,n13,M,12
n35,SARS-CoV,M,12
n14,SARS-CoV,M,12
n2,YN2018A,M,12
B039,SC2018,M,12
n20,YNLF_31C,M,12
n18,GX2013,M,12
C007,B039,M,12
n18,C020,M,12
n47,n52,E,12
P5L,n47,E,12
CpY11,n46,E,12
n15,n34,E,12
n8,n34,E,12
Anlong-103,n34,E,12
n30,n34,E,12
n13,n34,E,12
Rs672,n34,E,12
YNLF_31C,n34,E,12
n47,n27,E,12
n34,n25,E,12
Rs4247_148,n25,E,12
n20,n25,E,12
n20,n15,E,12
n47,P4L,E,12
CpY11,Rf4092,E,12
Rp3,Rf4092,E,12
n30,Rf4092,E,12
n35,F46,E,12
n34,YNLF_31C,E,12
Rf4092,YNLF_31C,E,12
n15,YN2013,E,12
CpY11,YN2013,E,12
n35,YN2013,E,12
YN2013,GX2013,E,12
n25,GX2013,E,12
YN2013,LYRa11,E,12
GX2013,LYRa11,E,12
n15,CpY11,E,12
n34,Rs672,E,12
n15,Rp3,E,12
n34,Rp3,E,12
n25,Rp3,E,12
HeB2013,YNLF_31C,ORF8,11
Jiyuan_84,YNLF_31C,ORF8,11
n34,HeB2013,ORF8,11
Rm1,RpS11,ORF8,11
HuB2013,RpS11,ORF8,11
HuB2013,Rm1,ORF8,11
Rm1,Rp3,ORF8,11
HuB2013,Rp3,ORF8,11
n38,n46,ORF7a,11
n47,P4L,ORF10,11
B039,n2,M,11
n11,n2,E,11
n46,LYRa11,E,11
Rf4092,Rp3,E,11
Jiyuan_84,BtKY72,ORF10,10
BtKY72,HeB2013,ORF10,10
n15,n8,ORF8,9
Rs672,n35,ORF8,9
n9,n35,ORF8,9
273_2005,n34,ORF8,9
n38,n15,ORF8,9
YNLF_31C,Jiyuan_84,ORF8,9
n34,Jiyuan_84,ORF8,9
273_2005,YNLF_31C,ORF8,9
YN2018C,Rs4231,M,9
n38,n28,ORF7a,8
n27,n28,N,8
n29,n23,N,8
n29,Rs4247_147,N,8
C020,n8,M,8
n2,n26,M,8
n26,n24,M,8
n14,n2,M,8
YN2018A,n2,M,8
B039,n14,M,8
n8,SARS-CoV,M,8
n18,Rs4247_147,M,8
As6526,GX2013,M,8
n8,B039,M,8
n2,C020,M,8
Rs4247_148,CpY11,E,8
n24,n8,ORF10,7
n40,n5,ORF10,7
n8,n20,ORF10,7
n5,SC2018,ORF10,7
n8,Rs4247_147,ORF10,7
n47,n4,S,6
Rs672,n46,ORF8,6
HeB2013,n34,ORF8,6
Jiyuan_84,n12,ORF8,6
n15,GX2013,ORF8,6
n10,Rs672,ORF8,6
CpY11,n46,ORF7b,6
n19,n45,ORF7b,6
n25,n45,ORF7b,6
RpS11,Rf4092,ORF7b,6
n45,Rf4092,ORF7b,6
n19,RpS11,ORF7b,6
Rf4092,RpS11,ORF7b,6
n38,n44,ORF7a,6
Rm1,n25,ORF7a,6
Rs9401,Rf4092,ORF7a,6
P4L,n47,ORF6,6
n2,n5,ORF3a,6
n47,n53,ORF10,6
P2V,n47,ORF10,6
n34,n46,ORF10,6
CpY11,n46,ORF10,6
n40,n44,ORF10,6
n15,n25,ORF10,6
n20,n25,ORF10,6
n53,n23,ORF10,6
n25,n15,ORF10,6
n44,BM48-31,ORF10,6
n44,SC2018,ORF10,6
Jiyuan_84,16BO133,ORF10,6
BtKY72,16BO133,ORF10,6
16BO133,HeB2013,ORF10,6
n44,Rm1,ORF10,6
SARS-CoV,YN2018A,M,6
n15,n9,E,6
Anlong-103,n8,E,6
n27,n52,E,6
n27,n47,E,6
n8,n28,E,6
P5L,n27,E,6
n27,P4L,E,6
n8,Rs672,E,6
n53,n47,ORF10,5
Rs4231,n46,ORF10,5
n2,Rs4231,M,5
CpY11,n28,E,5
Anlong-103,CpY11,E,5
CpY11,Rs672,E,5
n20,n40,M,4
n24,n35,M,4
n18,n24,M,4
B039,n24,M,4
n35,n24,M,4
n33,n2,M,4
C007,n2,M,4
B039,n18,M,4
C020,n14,M,4
YN2018A,SARS-CoV,M,4
n24,SARS-CoV,M,4
n33,SARS-CoV,M,4
B039,YN2018A,M,4
YN2018C,Rs4247_147,M,4
n14,B039,M,4
n36,n15,ORF8,3
n38,YN2018A,ORF8,3
n15,Anlong-103,ORF8,3
n20,Rs4231,ORF8,3
n19,Rs4231,ORF8,3
n20,YN2013,E,3
Jiyuan_84,n34,ORF8,2
n37,YN2018A,ORF8,2
Rs672,CpY11,ORF8,2
n26,BM48-31,ORF10,2
C020,n18,M,2
YN2018A,n18,M,2
Rs4084,n9,ORF7b,1
n6,n2,ORF7b,1
GX2013,n19,ORF7b,1
GX2013,n15,ORF7b,1
n9,YN2018A,ORF7b,1
n28,n34,E,1
Rs4247_147,n25,E,1
n25,n20,E,1
n46,GX2013,E,1
